"STATION","NAME","LATITUDE","LONGITUDE","ELEVATION","DATE","PRCP","SNOW","SNWD","TAVG","TMAX","TMIN"
"USW00024233","SEATTLE TACOMA AIRPORT, WA US","47.44467","-122.31442","112.5","2000-01-01","0.27",,,"40","43","37"
"USW00024233","SEATTLE TACOMA AIRPORT, WA US","47.44467","-122.31442","112.5","2000-01-02","0.00",,,"25","45","37"
"USW00024233","SEATTLE TACOMA AIRPORT, WA US","47.44467","-122.31442","112.5","2000-01-03","0.28",,,"42","47","36"
"USW00024233","SEATTLE TACOMA AIRPORT, WA US","47.44467","-122.31442","112.5","2000-01-04","0.30",,,"46","50","42"
"USW00024233","SEATTLE TACOMA AIRPORT, WA US","47.44467","-122.31442","112.5","2000-01-05","0.00",,,"41","44","37"
"USW00024233","SEATTLE TACOMA AIRPORT, WA US","47.44467","-122.31442","112.5","2000-01-06","0.03",,,"37","41","33"
"USW00024233","SEATTLE TACOMA AIRPORT, WA US","47.44467","-122.31442","112.5","2000-01-07","0.21",,,"43","46","40"
"USW00024233","SEATTLE TACOMA AIRPORT, WA US","47.44467","-122.31442","112.5","2000-01-08","0.32",,,"41","46","36"
"USW00024233","SEATTLE TACOMA AIRPORT, WA US","47.44467","-122.31442","112.5","2000-01-09","0.19",,,"40","44","35"
"USW00024233","SEATTLE TACOMA AIRPORT, WA US","47.44467","-122.31442","112.5","2000-01-10","0.19",,,"35","36","34"
"USW00024233","SEATTLE TACOMA AIRPORT, WA US","47.44467","-122.31442","112.5","2000-01-11","0.06",,,"36","37","34"
"USW00024233","SEATTLE TACOMA AIRPORT, WA US","47.44467","-122.31442","112.5","2000-01-12","0.21",,,"35","38","32"
"USW00024233","SEATTLE TACOMA AIRPORT, WA US","47.44467","-122.31442","112.5","2000-01-13","0.10",,,"38","40","36"
"USW00024233","SEATTLE TACOMA AIRPORT, WA US","47.44467","-122.31442","112.5","2000-01-14","0.29",,,"41","44","37"
"USW00024233","SEATTLE TACOMA AIRPORT, WA US","47.44467","-122.31442","112.5","2000-01-15","0.00",,,"39","43","34"
"USW00024233","SEATTLE TACOMA AIRPORT, WA US","47.44467","-122.31442","112.5","2000-01-16","0.28",,,"43","50","36"
"USW00024233","SEATTLE TACOMA AIRPORT, WA US","47.44467","-122.31442","112.5","2000-01-17","0.01",,,"42","49","35"
"USW00024233","SEATTLE TACOMA AIRPORT, WA US","47.44467","-122.31442","112.5","2000-01-18","0.00",,,"36","41","30"
"USW00024233","SEATTLE TACOMA AIRPORT, WA US","47.44467","-122.31442","112.5","2000-01-19","0.09",,,"37","44","29"
"USW00024233","SEATTLE TACOMA AIRPORT, WA US","47.44467","-122.31442","112.5","2000-01-20","0.14",,,"41","47","35"
"USW00024233","SEATTLE TACOMA AIRPORT, WA US","47.44467","-122.31442","112.5","2000-01-21","0.19",,,"44","48","39"
"USW00024233","SEATTLE TACOMA AIRPORT, WA US","47.44467","-122.31442","112.5","2000-01-22","0.02",,,"42","46","37"
"USW00024233","SEATTLE TACOMA AIRPORT, WA US","47.44467","-122.31442","112.5","2000-01-23","0.00",,,"40","46","33"
"USW00024233","SEATTLE TACOMA AIRPORT, WA US","47.44467","-122.31442","112.5","2000-01-24","0.00",,,"42","51","33"
"USW00024233","SEATTLE TACOMA AIRPORT, WA US","47.44467","-122.31442","112.5","2000-01-25","0.10",,,"43","48","38"
"USW00024233","SEATTLE TACOMA AIRPORT, WA US","47.44467","-122.31442","112.5","2000-01-26","0.00",,,"40","44","35"
"USW00024233","SEATTLE TACOMA AIRPORT, WA US","47.44467","-122.31442","112.5","2000-01-27","0.00",,,"41","47","35"
"USW00024233","SEATTLE TACOMA AIRPORT, WA US","47.44467","-122.31442","112.5","2000-01-28","0.00",,,"39","48","29"
"USW00024233","SEATTLE TACOMA AIRPORT, WA US","47.44467","-122.31442","112.5","2000-01-29","0.00",,,"43","52","34"
"USW00024233","SEATTLE TACOMA AIRPORT, WA US","47.44467","-122.31442","112.5","2000-01-30","0.03",,,"43","47","39"
"USW00024233","SEATTLE TACOMA AIRPORT, WA US","47.44467","-122.31442","112.5","2000-01-31","0.46",,,"44","50","37"
"USW00024233","SEATTLE TACOMA AIRPORT, WA US","47.44467","-122.31442","112.5","2000-02-01","1.34",,,"45","49","41"
"USW00024233","SEATTLE TACOMA AIRPORT, WA US","47.44467","-122.31442","112.5","2000-02-02","0.00",,,"42","46","38"
"USW00024233","SEATTLE TACOMA AIRPORT, WA US","47.44467","-122.31442","112.5","2000-02-03","0.00",,,"50","59","40"
"USW00024233","SEATTLE TACOMA AIRPORT, WA US","47.44467","-122.31442","112.5","2000-02-04","0.00",,,"48","55","40"
"USW00024233","SEATTLE TACOMA AIRPORT, WA US","47.44467","-122.31442","112.5","2000-02-05","0.06",,,"46","56","36"
"USW00024233","SEATTLE TACOMA AIRPORT, WA US","47.44467","-122.31442","112.5","2000-02-06","0.00",,,"50","57","43"
"USW00024233","SEATTLE TACOMA AIRPORT, WA US","47.44467","-122.31442","112.5","2000-02-07","0.34",,,"48","52","43"
"USW00024233","SEATTLE TACOMA AIRPORT, WA US","47.44467","-122.31442","112.5","2000-02-08","0.74",,,"45","49","41"
"USW00024233","SEATTLE TACOMA AIRPORT, WA US","47.44467","-122.31442","112.5","2000-02-09","0.01",,,"44","49","38"
"USW00024233","SEATTLE TACOMA AIRPORT, WA US","47.44467","-122.31442","112.5","2000-02-10","0.00",,,"41","48","33"
"USW00024233","SEATTLE TACOMA AIRPORT, WA US","47.44467","-122.31442","112.5","2000-02-11","0.00",,,"42","48","36"
"USW00024233","SEATTLE TACOMA AIRPORT, WA US","47.44467","-122.31442","112.5","2000-02-12","0.00",,,"39","42","36"
"USW00024233","SEATTLE TACOMA AIRPORT, WA US","47.44467","-122.31442","112.5","2000-02-13","0.01",,,"40","48","32"
"USW00024233","SEATTLE TACOMA AIRPORT, WA US","47.44467","-122.31442","112.5","2000-02-14","0.50",,,"39","42","36"
"USW00024233","SEATTLE TACOMA AIRPORT, WA US","47.44467","-122.31442","112.5","2000-02-15","0.01",,,"43","47","38"
"USW00024233","SEATTLE TACOMA AIRPORT, WA US","47.44467","-122.31442","112.5","2000-02-16","0.00",,,"41","46","35"
"USW00024233","SEATTLE TACOMA AIRPORT, WA US","47.44467","-122.31442","112.5","2000-02-17","0.00",,,"40","48","31"
"USW00024233","SEATTLE TACOMA AIRPORT, WA US","47.44467","-122.31442","112.5","2000-02-18","0.00",,,"40","49","31"
"USW00024233","SEATTLE TACOMA AIRPORT, WA US","47.44467","-122.31442","112.5","2000-02-19","0.00",,,"43","55","31"
"USW00024233","SEATTLE TACOMA AIRPORT, WA US","47.44467","-122.31442","112.5","2000-02-20","0.00",,,"48","58","37"
"USW00024233","SEATTLE TACOMA AIRPORT, WA US","47.44467","-122.31442","112.5","2000-02-21","0.19",,,"46","48","43"
"USW00024233","SEATTLE TACOMA AIRPORT, WA US","47.44467","-122.31442","112.5","2000-02-22","0.61",,,"44","49","39"
"USW00024233","SEATTLE TACOMA AIRPORT, WA US","47.44467","-122.31442","112.5","2000-02-23","0.00",,,"44","49","38"
"USW00024233","SEATTLE TACOMA AIRPORT, WA US","47.44467","-122.31442","112.5","2000-02-24","0.00",,,"41","47","34"
"USW00024233","SEATTLE TACOMA AIRPORT, WA US","47.44467","-122.31442","112.5","2000-02-25","0.27",,,"41","49","33"
"USW00024233","SEATTLE TACOMA AIRPORT, WA US","47.44467","-122.31442","112.5","2000-02-26","0.25",,,"45","50","39"
"USW00024233","SEATTLE TACOMA AIRPORT, WA US","47.44467","-122.31442","112.5","2000-02-27","0.17",,,"47","52","42"
"USW00024233","SEATTLE TACOMA AIRPORT, WA US","47.44467","-122.31442","112.5","2000-02-28","0.11",,,"45","48","41"
"USW00024233","SEATTLE TACOMA AIRPORT, WA US","47.44467","-122.31442","112.5","2000-02-29","0.64",,,"47","52","42"
"USW00024233","SEATTLE TACOMA AIRPORT, WA US","47.44467","-122.31442","112.5","2000-03-01","0.00",,,"44","48","39"
"USW00024233","SEATTLE TACOMA AIRPORT, WA US","47.44467","-122.31442","112.5","2000-03-02","0.37",,,"47","51","42"
"USW00024233","SEATTLE TACOMA AIRPORT, WA US","47.44467","-122.31442","112.5","2000-03-03","0.34",,,"46","48","44"
"USW00024233","SEATTLE TACOMA AIRPORT, WA US","47.44467","-122.31442","112.5","2000-03-04","0.39",,,"40","44","36"
"USW00024233","SEATTLE TACOMA AIRPORT, WA US","47.44467","-122.31442","112.5","2000-03-05","0.00",,,"40","46","34"
"USW00024233","SEATTLE TACOMA AIRPORT, WA US","47.44467","-122.31442","112.5","2000-03-06","0.00",,,"40","47","32"
"USW00024233","SEATTLE TACOMA AIRPORT, WA US","47.44467","-122.31442","112.5","2000-03-07","0.00",,,"44","53","34"
"USW00024233","SEATTLE TACOMA AIRPORT, WA US","47.44467","-122.31442","112.5","2000-03-08","0.04",,,"45","47","42"
"USW00024233","SEATTLE TACOMA AIRPORT, WA US","47.44467","-122.31442","112.5","2000-03-09","0.05",,,"46","51","40"
"USW00024233","SEATTLE TACOMA AIRPORT, WA US","47.44467","-122.31442","112.5","2000-03-10","0.10",,,"46","56","35"
"USW00024233","SEATTLE TACOMA AIRPORT, WA US","47.44467","-122.31442","112.5","2000-03-11","0.03",,,"44","49","38"
"USW00024233","SEATTLE TACOMA AIRPORT, WA US","47.44467","-122.31442","112.5","2000-03-12","0.00",,,"42","47","36"
"USW00024233","SEATTLE TACOMA AIRPORT, WA US","47.44467","-122.31442","112.5","2000-03-13","0.46",,,"50","58","42"
"USW00024233","SEATTLE TACOMA AIRPORT, WA US","47.44467","-122.31442","112.5","2000-03-14","0.03",,,"43","49","37"
"USW00024233","SEATTLE TACOMA AIRPORT, WA US","47.44467","-122.31442","112.5","2000-03-15","0.04",,,"42","50","34"
"USW00024233","SEATTLE TACOMA AIRPORT, WA US","47.44467","-122.31442","112.5","2000-03-16","0.22",,,"46","51","40"
"USW00024233","SEATTLE TACOMA AIRPORT, WA US","47.44467","-122.31442","112.5","2000-03-17","0.05",,,"43","46","40"
"USW00024233","SEATTLE TACOMA AIRPORT, WA US","47.44467","-122.31442","112.5","2000-03-18","0.18",,,"45","50","40"
"USW00024233","SEATTLE TACOMA AIRPORT, WA US","47.44467","-122.31442","112.5","2000-03-19","0.00",,,"42","46","37"
"USW00024233","SEATTLE TACOMA AIRPORT, WA US","47.44467","-122.31442","112.5","2000-03-20","0.00",,,"41","49","32"
"USW00024233","SEATTLE TACOMA AIRPORT, WA US","47.44467","-122.31442","112.5","2000-03-21","0.00",,,"49","55","43"
"USW00024233","SEATTLE TACOMA AIRPORT, WA US","47.44467","-122.31442","112.5","2000-03-22","0.44",,,"46","52","40"
"USW00024233","SEATTLE TACOMA AIRPORT, WA US","47.44467","-122.31442","112.5","2000-03-23","0.00",,,"45","51","38"
"USW00024233","SEATTLE TACOMA AIRPORT, WA US","47.44467","-122.31442","112.5","2000-03-24","0.00",,,"45","54","35"
"USW00024233","SEATTLE TACOMA AIRPORT, WA US","47.44467","-122.31442","112.5","2000-03-25","0.00",,,"45","51","39"
"USW00024233","SEATTLE TACOMA AIRPORT, WA US","47.44467","-122.31442","112.5","2000-03-26","0.00",,,"47","58","35"
"USW00024233","SEATTLE TACOMA AIRPORT, WA US","47.44467","-122.31442","112.5","2000-03-27","0.06",,,"46","50","42"
"USW00024233","SEATTLE TACOMA AIRPORT, WA US","47.44467","-122.31442","112.5","2000-03-28","0.01",,,"44","50","38"
"USW00024233","SEATTLE TACOMA AIRPORT, WA US","47.44467","-122.31442","112.5","2000-03-29","0.01",,,"44","52","35"
"USW00024233","SEATTLE TACOMA AIRPORT, WA US","47.44467","-122.31442","112.5","2000-03-30","0.00",,,"48","58","37"
"USW00024233","SEATTLE TACOMA AIRPORT, WA US","47.44467","-122.31442","112.5","2000-03-31","0.00",,,"52","62","41"
"USW00024233","SEATTLE TACOMA AIRPORT, WA US","47.44467","-122.31442","112.5","2000-04-01","0.00",,,"55","64","45"
"USW00024233","SEATTLE TACOMA AIRPORT, WA US","47.44467","-122.31442","112.5","2000-04-02","0.00",,,"53","63","43"
"USW00024233","SEATTLE TACOMA AIRPORT, WA US","47.44467","-122.31442","112.5","2000-04-03","0.00",,,"56","68","44"
"USW00024233","SEATTLE TACOMA AIRPORT, WA US","47.44467","-122.31442","112.5","2000-04-04","0.00",,,"47","54","39"
"USW00024233","SEATTLE TACOMA AIRPORT, WA US","47.44467","-122.31442","112.5","2000-04-05","0.02",,,"45","49","40"
"USW00024233","SEATTLE TACOMA AIRPORT, WA US","47.44467","-122.31442","112.5","2000-04-06","0.12",,,"45","50","39"
"USW00024233","SEATTLE TACOMA AIRPORT, WA US","47.44467","-122.31442","112.5","2000-04-07","0.00",,,"49","59","38"
"USW00024233","SEATTLE TACOMA AIRPORT, WA US","47.44467","-122.31442","112.5","2000-04-08","0.00",,,"52","62","42"
"USW00024233","SEATTLE TACOMA AIRPORT, WA US","47.44467","-122.31442","112.5","2000-04-09","0.00",,,"51","55","46"
"USW00024233","SEATTLE TACOMA AIRPORT, WA US","47.44467","-122.31442","112.5","2000-04-10","0.00",,,"53","63","42"
"USW00024233","SEATTLE TACOMA AIRPORT, WA US","47.44467","-122.31442","112.5","2000-04-11","0.00",,,"57","68","45"
"USW00024233","SEATTLE TACOMA AIRPORT, WA US","47.44467","-122.31442","112.5","2000-04-12","0.00",,,"58","67","48"
"USW00024233","SEATTLE TACOMA AIRPORT, WA US","47.44467","-122.31442","112.5","2000-04-13","0.35",,,"54","59","49"
"USW00024233","SEATTLE TACOMA AIRPORT, WA US","47.44467","-122.31442","112.5","2000-04-14","0.14",,,"49","52","46"
"USW00024233","SEATTLE TACOMA AIRPORT, WA US","47.44467","-122.31442","112.5","2000-04-15","0.13",,,"51","56","46"
"USW00024233","SEATTLE TACOMA AIRPORT, WA US","47.44467","-122.31442","112.5","2000-04-16","0.00",,,"49","53","45"
"USW00024233","SEATTLE TACOMA AIRPORT, WA US","47.44467","-122.31442","112.5","2000-04-17","0.00",,,"53","62","43"
"USW00024233","SEATTLE TACOMA AIRPORT, WA US","47.44467","-122.31442","112.5","2000-04-18","0.00",,,"53","63","43"
"USW00024233","SEATTLE TACOMA AIRPORT, WA US","47.44467","-122.31442","112.5","2000-04-19","0.00",,,"53","60","46"
"USW00024233","SEATTLE TACOMA AIRPORT, WA US","47.44467","-122.31442","112.5","2000-04-20","0.00",,,"56","64","47"
"USW00024233","SEATTLE TACOMA AIRPORT, WA US","47.44467","-122.31442","112.5","2000-04-21","0.10",,,"55","63","47"
"USW00024233","SEATTLE TACOMA AIRPORT, WA US","47.44467","-122.31442","112.5","2000-04-22","0.01",,,"49","54","44"
"USW00024233","SEATTLE TACOMA AIRPORT, WA US","47.44467","-122.31442","112.5","2000-04-23","0.10",,,"45","52","37"
"USW00024233","SEATTLE TACOMA AIRPORT, WA US","47.44467","-122.31442","112.5","2000-04-24","0.00",,,"45","55","35"
"USW00024233","SEATTLE TACOMA AIRPORT, WA US","47.44467","-122.31442","112.5","2000-04-25","0.34",,,"48","53","42"
"USW00024233","SEATTLE TACOMA AIRPORT, WA US","47.44467","-122.31442","112.5","2000-04-26","0.00",,,"52","62","41"
"USW00024233","SEATTLE TACOMA AIRPORT, WA US","47.44467","-122.31442","112.5","2000-04-27","0.07",,,"52","61","42"
"USW00024233","SEATTLE TACOMA AIRPORT, WA US","47.44467","-122.31442","112.5","2000-04-28","0.10",,,"47","52","41"
"USW00024233","SEATTLE TACOMA AIRPORT, WA US","47.44467","-122.31442","112.5","2000-04-29","0.00",,,"47","56","38"
"USW00024233","SEATTLE TACOMA AIRPORT, WA US","47.44467","-122.31442","112.5","2000-04-30","0.00",,,"56","65","46"
"USW00024233","SEATTLE TACOMA AIRPORT, WA US","47.44467","-122.31442","112.5","2000-05-01","0.16",,,"55","62","48"
"USW00024233","SEATTLE TACOMA AIRPORT, WA US","47.44467","-122.31442","112.5","2000-05-02","0.02",,,"56","63","49"
"USW00024233","SEATTLE TACOMA AIRPORT, WA US","47.44467","-122.31442","112.5","2000-05-03","0.24",,,"51","56","45"
"USW00024233","SEATTLE TACOMA AIRPORT, WA US","47.44467","-122.31442","112.5","2000-05-04","0.24",,,"49","54","44"
"USW00024233","SEATTLE TACOMA AIRPORT, WA US","47.44467","-122.31442","112.5","2000-05-05","0.08",,,"48","53","42"
"USW00024233","SEATTLE TACOMA AIRPORT, WA US","47.44467","-122.31442","112.5","2000-05-06","0.00",,,"49","59","39"
"USW00024233","SEATTLE TACOMA AIRPORT, WA US","47.44467","-122.31442","112.5","2000-05-07","0.00",,,"52","62","42"
"USW00024233","SEATTLE TACOMA AIRPORT, WA US","47.44467","-122.31442","112.5","2000-05-08","0.12",,,"50","54","46"
"USW00024233","SEATTLE TACOMA AIRPORT, WA US","47.44467","-122.31442","112.5","2000-05-09","0.74",,,"48","52","44"
"USW00024233","SEATTLE TACOMA AIRPORT, WA US","47.44467","-122.31442","112.5","2000-05-10","0.61",,,"48","53","42"
"USW00024233","SEATTLE TACOMA AIRPORT, WA US","47.44467","-122.31442","112.5","2000-05-11","0.00",,,"50","57","43"
"USW00024233","SEATTLE TACOMA AIRPORT, WA US","47.44467","-122.31442","112.5","2000-05-12","0.00",,,"50","58","41"
"USW00024233","SEATTLE TACOMA AIRPORT, WA US","47.44467","-122.31442","112.5","2000-05-13","0.00",,,"55","62","47"
"USW00024233","SEATTLE TACOMA AIRPORT, WA US","47.44467","-122.31442","112.5","2000-05-14","0.00",,,"63","73","53"
"USW00024233","SEATTLE TACOMA AIRPORT, WA US","47.44467","-122.31442","112.5","2000-05-15","0.00",,,"60","70","50"
"USW00024233","SEATTLE TACOMA AIRPORT, WA US","47.44467","-122.31442","112.5","2000-05-16","0.00",,,"59","69","49"
"USW00024233","SEATTLE TACOMA AIRPORT, WA US","47.44467","-122.31442","112.5","2000-05-17","0.00",,,"54","59","49"
"USW00024233","SEATTLE TACOMA AIRPORT, WA US","47.44467","-122.31442","112.5","2000-05-18","0.40",,,"55","62","48"
"USW00024233","SEATTLE TACOMA AIRPORT, WA US","47.44467","-122.31442","112.5","2000-05-19","0.00",,,"58","64","52"
"USW00024233","SEATTLE TACOMA AIRPORT, WA US","47.44467","-122.31442","112.5","2000-05-20","0.00",,,"57","61","52"
"USW00024233","SEATTLE TACOMA AIRPORT, WA US","47.44467","-122.31442","112.5","2000-05-21","0.09",,,"60","67","53"
"USW00024233","SEATTLE TACOMA AIRPORT, WA US","47.44467","-122.31442","112.5","2000-05-22","0.00",,,"57","63","50"
"USW00024233","SEATTLE TACOMA AIRPORT, WA US","47.44467","-122.31442","112.5","2000-05-23","0.00",,,"57","63","50"
"USW00024233","SEATTLE TACOMA AIRPORT, WA US","47.44467","-122.31442","112.5","2000-05-24","0.00",,,"56","66","45"
"USW00024233","SEATTLE TACOMA AIRPORT, WA US","47.44467","-122.31442","112.5","2000-05-25","0.00",,,"53","62","43"
"USW00024233","SEATTLE TACOMA AIRPORT, WA US","47.44467","-122.31442","112.5","2000-05-26","0.18",,,"55","63","46"
"USW00024233","SEATTLE TACOMA AIRPORT, WA US","47.44467","-122.31442","112.5","2000-05-27","0.17",,,"57","63","50"
"USW00024233","SEATTLE TACOMA AIRPORT, WA US","47.44467","-122.31442","112.5","2000-05-28","0.07",,,"55","61","49"
"USW00024233","SEATTLE TACOMA AIRPORT, WA US","47.44467","-122.31442","112.5","2000-05-29","0.08",,,"55","60","49"
"USW00024233","SEATTLE TACOMA AIRPORT, WA US","47.44467","-122.31442","112.5","2000-05-30","0.03",,,"50","52","48"
"USW00024233","SEATTLE TACOMA AIRPORT, WA US","47.44467","-122.31442","112.5","2000-05-31","0.04",,,"53","57","49"
"USW00024233","SEATTLE TACOMA AIRPORT, WA US","47.44467","-122.31442","112.5","2000-06-01","0.00",,,"58","68","48"
"USW00024233","SEATTLE TACOMA AIRPORT, WA US","47.44467","-122.31442","112.5","2000-06-02","0.00",,,"58","67","49"
"USW00024233","SEATTLE TACOMA AIRPORT, WA US","47.44467","-122.31442","112.5","2000-06-03","0.00",,,"64","79","48"
"USW00024233","SEATTLE TACOMA AIRPORT, WA US","47.44467","-122.31442","112.5","2000-06-04","0.00",,,"69","83","54"
"USW00024233","SEATTLE TACOMA AIRPORT, WA US","47.44467","-122.31442","112.5","2000-06-05","0.01",,,"60","66","54"
"USW00024233","SEATTLE TACOMA AIRPORT, WA US","47.44467","-122.31442","112.5","2000-06-06","0.10",,,"57","62","52"
"USW00024233","SEATTLE TACOMA AIRPORT, WA US","47.44467","-122.31442","112.5","2000-06-07","0.05",,,"55","58","51"
"USW00024233","SEATTLE TACOMA AIRPORT, WA US","47.44467","-122.31442","112.5","2000-06-08","0.15",,,"57","63","50"
"USW00024233","SEATTLE TACOMA AIRPORT, WA US","47.44467","-122.31442","112.5","2000-06-09","0.10",,,"54","60","47"
"USW00024233","SEATTLE TACOMA AIRPORT, WA US","47.44467","-122.31442","112.5","2000-06-10","0.06",,,"53","59","47"
"USW00024233","SEATTLE TACOMA AIRPORT, WA US","47.44467","-122.31442","112.5","2000-06-11","0.56",,,"51","55","47"
"USW00024233","SEATTLE TACOMA AIRPORT, WA US","47.44467","-122.31442","112.5","2000-06-12","0.55",,,"57","62","52"
"USW00024233","SEATTLE TACOMA AIRPORT, WA US","47.44467","-122.31442","112.5","2000-06-13","0.00",,,"59","66","51"
"USW00024233","SEATTLE TACOMA AIRPORT, WA US","47.44467","-122.31442","112.5","2000-06-14","0.00",,,"58","62","54"
"USW00024233","SEATTLE TACOMA AIRPORT, WA US","47.44467","-122.31442","112.5","2000-06-15","0.00",,,"58","66","50"
"USW00024233","SEATTLE TACOMA AIRPORT, WA US","47.44467","-122.31442","112.5","2000-06-16","0.00",,,"62","73","50"
"USW00024233","SEATTLE TACOMA AIRPORT, WA US","47.44467","-122.31442","112.5","2000-06-17","0.00",,,"66","80","52"
"USW00024233","SEATTLE TACOMA AIRPORT, WA US","47.44467","-122.31442","112.5","2000-06-18","0.01",,,"57","61","52"
"USW00024233","SEATTLE TACOMA AIRPORT, WA US","47.44467","-122.31442","112.5","2000-06-19","0.00",,,"59","65","52"
"USW00024233","SEATTLE TACOMA AIRPORT, WA US","47.44467","-122.31442","112.5","2000-06-20","0.00",,,"62","74","49"
"USW00024233","SEATTLE TACOMA AIRPORT, WA US","47.44467","-122.31442","112.5","2000-06-21","0.00",,,"63","69","56"
"USW00024233","SEATTLE TACOMA AIRPORT, WA US","47.44467","-122.31442","112.5","2000-06-22","0.00",,,"60","67","53"
"USW00024233","SEATTLE TACOMA AIRPORT, WA US","47.44467","-122.31442","112.5","2000-06-23","0.00",,,"60","69","50"
"USW00024233","SEATTLE TACOMA AIRPORT, WA US","47.44467","-122.31442","112.5","2000-06-24","0.01",,,"61","69","53"
"USW00024233","SEATTLE TACOMA AIRPORT, WA US","47.44467","-122.31442","112.5","2000-06-25","0.00",,,"67","80","54"
"USW00024233","SEATTLE TACOMA AIRPORT, WA US","47.44467","-122.31442","112.5","2000-06-26","0.00",,,"70","83","56"
"USW00024233","SEATTLE TACOMA AIRPORT, WA US","47.44467","-122.31442","112.5","2000-06-27","0.00",,,"73","88","58"
"USW00024233","SEATTLE TACOMA AIRPORT, WA US","47.44467","-122.31442","112.5","2000-06-28","0.00",,,"73","87","59"
"USW00024233","SEATTLE TACOMA AIRPORT, WA US","47.44467","-122.31442","112.5","2000-06-29","0.00",,,"63","72","53"
"USW00024233","SEATTLE TACOMA AIRPORT, WA US","47.44467","-122.31442","112.5","2000-06-30","0.01",,,"60","66","54"
"USW00024233","SEATTLE TACOMA AIRPORT, WA US","47.44467","-122.31442","112.5","2000-07-01","0.04",,,"60","66","53"
"USW00024233","SEATTLE TACOMA AIRPORT, WA US","47.44467","-122.31442","112.5","2000-07-02","0.06",,,"58","65","51"
"USW00024233","SEATTLE TACOMA AIRPORT, WA US","47.44467","-122.31442","112.5","2000-07-03","0.02",,,"57","62","51"
"USW00024233","SEATTLE TACOMA AIRPORT, WA US","47.44467","-122.31442","112.5","2000-07-04","0.00",,,"60","67","52"
"USW00024233","SEATTLE TACOMA AIRPORT, WA US","47.44467","-122.31442","112.5","2000-07-05","0.00",,,"61","72","50"
"USW00024233","SEATTLE TACOMA AIRPORT, WA US","47.44467","-122.31442","112.5","2000-07-06","0.00",,,"63","72","53"
"USW00024233","SEATTLE TACOMA AIRPORT, WA US","47.44467","-122.31442","112.5","2000-07-07","0.00",,,"65","77","53"
"USW00024233","SEATTLE TACOMA AIRPORT, WA US","47.44467","-122.31442","112.5","2000-07-08","0.00",,,"61","68","53"
"USW00024233","SEATTLE TACOMA AIRPORT, WA US","47.44467","-122.31442","112.5","2000-07-09","0.00",,,"62","68","55"
"USW00024233","SEATTLE TACOMA AIRPORT, WA US","47.44467","-122.31442","112.5","2000-07-10","0.00",,,"62","71","53"
"USW00024233","SEATTLE TACOMA AIRPORT, WA US","47.44467","-122.31442","112.5","2000-07-11","0.00",,,"63","71","54"
"USW00024233","SEATTLE TACOMA AIRPORT, WA US","47.44467","-122.31442","112.5","2000-07-12","0.00",,,,"77","55"
"USW00024233","SEATTLE TACOMA AIRPORT, WA US","47.44467","-122.31442","112.5","2000-07-13","0.00",,,"64","72","56"
"USW00024233","SEATTLE TACOMA AIRPORT, WA US","47.44467","-122.31442","112.5","2000-07-14","0.00",,,"62","69","55"
"USW00024233","SEATTLE TACOMA AIRPORT, WA US","47.44467","-122.31442","112.5","2000-07-15","0.00",,,"63","74","52"
"USW00024233","SEATTLE TACOMA AIRPORT, WA US","47.44467","-122.31442","112.5","2000-07-16","0.00",,,"69","82","56"
"USW00024233","SEATTLE TACOMA AIRPORT, WA US","47.44467","-122.31442","112.5","2000-07-17","0.00",,,"69","82","56"
"USW00024233","SEATTLE TACOMA AIRPORT, WA US","47.44467","-122.31442","112.5","2000-07-18","0.00",,,"62","69","55"
"USW00024233","SEATTLE TACOMA AIRPORT, WA US","47.44467","-122.31442","112.5","2000-07-19","0.00",,,"65","77","53"
"USW00024233","SEATTLE TACOMA AIRPORT, WA US","47.44467","-122.31442","112.5","2000-07-20","0.00",,,"68","80","55"
"USW00024233","SEATTLE TACOMA AIRPORT, WA US","47.44467","-122.31442","112.5","2000-07-21","0.00",,,"70","83","56"
"USW00024233","SEATTLE TACOMA AIRPORT, WA US","47.44467","-122.31442","112.5","2000-07-22","0.11",,,"60","63","56"
"USW00024233","SEATTLE TACOMA AIRPORT, WA US","47.44467","-122.31442","112.5","2000-07-23","0.00",,,"66","74","58"
"USW00024233","SEATTLE TACOMA AIRPORT, WA US","47.44467","-122.31442","112.5","2000-07-24","0.00",,,"68","79","57"
"USW00024233","SEATTLE TACOMA AIRPORT, WA US","47.44467","-122.31442","112.5","2000-07-25","0.00",,,"64","72","56"
"USW00024233","SEATTLE TACOMA AIRPORT, WA US","47.44467","-122.31442","112.5","2000-07-26","0.00",,,"63","72","54"
"USW00024233","SEATTLE TACOMA AIRPORT, WA US","47.44467","-122.31442","112.5","2000-07-27","0.00",,,"69","78","59"
"USW00024233","SEATTLE TACOMA AIRPORT, WA US","47.44467","-122.31442","112.5","2000-07-28","0.00",,,"67","73","60"
"USW00024233","SEATTLE TACOMA AIRPORT, WA US","47.44467","-122.31442","112.5","2000-07-29","0.00",,,"70","81","59"
"USW00024233","SEATTLE TACOMA AIRPORT, WA US","47.44467","-122.31442","112.5","2000-07-30","0.00",,,"74","85","62"
"USW00024233","SEATTLE TACOMA AIRPORT, WA US","47.44467","-122.31442","112.5","2000-07-31","0.00",,,"68","79","57"
"USW00024233","SEATTLE TACOMA AIRPORT, WA US","47.44467","-122.31442","112.5","2000-08-01","0.00",,,"68","77","59"
"USW00024233","SEATTLE TACOMA AIRPORT, WA US","47.44467","-122.31442","112.5","2000-08-02","0.00",,,"65","78","52"
"USW00024233","SEATTLE TACOMA AIRPORT, WA US","47.44467","-122.31442","112.5","2000-08-03","0.00",,,"67","79","54"
"USW00024233","SEATTLE TACOMA AIRPORT, WA US","47.44467","-122.31442","112.5","2000-08-04","0.00",,,"71","83","58"
"USW00024233","SEATTLE TACOMA AIRPORT, WA US","47.44467","-122.31442","112.5","2000-08-05","0.00",,,"69","81","56"
"USW00024233","SEATTLE TACOMA AIRPORT, WA US","47.44467","-122.31442","112.5","2000-08-06","0.00",,,"64","72","56"
"USW00024233","SEATTLE TACOMA AIRPORT, WA US","47.44467","-122.31442","112.5","2000-08-07","0.00",,,"65","73","57"
"USW00024233","SEATTLE TACOMA AIRPORT, WA US","47.44467","-122.31442","112.5","2000-08-08","0.00",,,"68","82","54"
"USW00024233","SEATTLE TACOMA AIRPORT, WA US","47.44467","-122.31442","112.5","2000-08-09","0.00",,,"62","70","54"
"USW00024233","SEATTLE TACOMA AIRPORT, WA US","47.44467","-122.31442","112.5","2000-08-10","0.00",,,"62","70","54"
"USW00024233","SEATTLE TACOMA AIRPORT, WA US","47.44467","-122.31442","112.5","2000-08-11","0.00",,,"62","70","53"
"USW00024233","SEATTLE TACOMA AIRPORT, WA US","47.44467","-122.31442","112.5","2000-08-12","0.00",,,"64","74","53"
"USW00024233","SEATTLE TACOMA AIRPORT, WA US","47.44467","-122.31442","112.5","2000-08-13","0.00",,,"61","70","51"
"USW00024233","SEATTLE TACOMA AIRPORT, WA US","47.44467","-122.31442","112.5","2000-08-14","0.00",,,"59","68","50"
"USW00024233","SEATTLE TACOMA AIRPORT, WA US","47.44467","-122.31442","112.5","2000-08-15","0.00",,,"59","67","50"
"USW00024233","SEATTLE TACOMA AIRPORT, WA US","47.44467","-122.31442","112.5","2000-08-16","0.00",,,"63","73","53"
"USW00024233","SEATTLE TACOMA AIRPORT, WA US","47.44467","-122.31442","112.5","2000-08-17","0.00",,,"62","73","50"
"USW00024233","SEATTLE TACOMA AIRPORT, WA US","47.44467","-122.31442","112.5","2000-08-18","0.28",,,"60","65","54"
"USW00024233","SEATTLE TACOMA AIRPORT, WA US","47.44467","-122.31442","112.5","2000-08-19","0.00",,,"61","68","53"
"USW00024233","SEATTLE TACOMA AIRPORT, WA US","47.44467","-122.31442","112.5","2000-08-20","0.00",,,"64","73","54"
"USW00024233","SEATTLE TACOMA AIRPORT, WA US","47.44467","-122.31442","112.5","2000-08-21","0.00",,,"65","75","54"
"USW00024233","SEATTLE TACOMA AIRPORT, WA US","47.44467","-122.31442","112.5","2000-08-22","0.00",,,"68","80","55"
"USW00024233","SEATTLE TACOMA AIRPORT, WA US","47.44467","-122.31442","112.5","2000-08-23","0.00",,,"70","83","57"
"USW00024233","SEATTLE TACOMA AIRPORT, WA US","47.44467","-122.31442","112.5","2000-08-24","0.00",,,"64","71","56"
"USW00024233","SEATTLE TACOMA AIRPORT, WA US","47.44467","-122.31442","112.5","2000-08-25","0.01",,,"66","74","57"
"USW00024233","SEATTLE TACOMA AIRPORT, WA US","47.44467","-122.31442","112.5","2000-08-26","0.01",,,"62","68","55"
"USW00024233","SEATTLE TACOMA AIRPORT, WA US","47.44467","-122.31442","112.5","2000-08-27","0.00",,,"61","68","53"
"USW00024233","SEATTLE TACOMA AIRPORT, WA US","47.44467","-122.31442","112.5","2000-08-28","0.00",,,"63","75","50"
"USW00024233","SEATTLE TACOMA AIRPORT, WA US","47.44467","-122.31442","112.5","2000-08-29","0.03",,,"60","67","52"
"USW00024233","SEATTLE TACOMA AIRPORT, WA US","47.44467","-122.31442","112.5","2000-08-30","0.00",,,"63","69","56"
"USW00024233","SEATTLE TACOMA AIRPORT, WA US","47.44467","-122.31442","112.5","2000-08-31","0.00",,,"59","65","53"
"USW00024233","SEATTLE TACOMA AIRPORT, WA US","47.44467","-122.31442","112.5","2000-09-01","0.00",,,"58","66","50"
"USW00024233","SEATTLE TACOMA AIRPORT, WA US","47.44467","-122.31442","112.5","2000-09-02","0.04",,,"58","66","50"
"USW00024233","SEATTLE TACOMA AIRPORT, WA US","47.44467","-122.31442","112.5","2000-09-03","0.02",,,"60","69","51"
"USW00024233","SEATTLE TACOMA AIRPORT, WA US","47.44467","-122.31442","112.5","2000-09-04","0.00",,,"59","69","48"
"USW00024233","SEATTLE TACOMA AIRPORT, WA US","47.44467","-122.31442","112.5","2000-09-05","0.00",,,"55","62","48"
"USW00024233","SEATTLE TACOMA AIRPORT, WA US","47.44467","-122.31442","112.5","2000-09-06","0.01",,,"61","68","53"
"USW00024233","SEATTLE TACOMA AIRPORT, WA US","47.44467","-122.31442","112.5","2000-09-07","0.07",,,"55","61","48"
"USW00024233","SEATTLE TACOMA AIRPORT, WA US","47.44467","-122.31442","112.5","2000-09-08","0.07",,,"58","64","52"
"USW00024233","SEATTLE TACOMA AIRPORT, WA US","47.44467","-122.31442","112.5","2000-09-09","0.18",,,"57","61","52"
"USW00024233","SEATTLE TACOMA AIRPORT, WA US","47.44467","-122.31442","112.5","2000-09-10","0.30",,,"56","61","51"
"USW00024233","SEATTLE TACOMA AIRPORT, WA US","47.44467","-122.31442","112.5","2000-09-11","0.00",,,"59","67","50"
"USW00024233","SEATTLE TACOMA AIRPORT, WA US","47.44467","-122.31442","112.5","2000-09-12","0.00",,,"63","75","51"
"USW00024233","SEATTLE TACOMA AIRPORT, WA US","47.44467","-122.31442","112.5","2000-09-13","0.00",,,"65","77","53"
"USW00024233","SEATTLE TACOMA AIRPORT, WA US","47.44467","-122.31442","112.5","2000-09-14","0.00",,,"72","84","59"
"USW00024233","SEATTLE TACOMA AIRPORT, WA US","47.44467","-122.31442","112.5","2000-09-15","0.00",,,"66","73","59"
"USW00024233","SEATTLE TACOMA AIRPORT, WA US","47.44467","-122.31442","112.5","2000-09-16","0.00",,,"63","69","57"
"USW00024233","SEATTLE TACOMA AIRPORT, WA US","47.44467","-122.31442","112.5","2000-09-17","0.00",,,"63","72","54"
"USW00024233","SEATTLE TACOMA AIRPORT, WA US","47.44467","-122.31442","112.5","2000-09-18","0.01",,,"65","70","60"
"USW00024233","SEATTLE TACOMA AIRPORT, WA US","47.44467","-122.31442","112.5","2000-09-19","0.04",,,"65","71","58"
"USW00024233","SEATTLE TACOMA AIRPORT, WA US","47.44467","-122.31442","112.5","2000-09-20","0.04",,,"59","64","53"
"USW00024233","SEATTLE TACOMA AIRPORT, WA US","47.44467","-122.31442","112.5","2000-09-21","0.00",,,"62","67","56"
"USW00024233","SEATTLE TACOMA AIRPORT, WA US","47.44467","-122.31442","112.5","2000-09-22","0.00",,,"58","66","49"
"USW00024233","SEATTLE TACOMA AIRPORT, WA US","47.44467","-122.31442","112.5","2000-09-23","0.00",,,"58","71","45"
"USW00024233","SEATTLE TACOMA AIRPORT, WA US","47.44467","-122.31442","112.5","2000-09-24","0.00",,,"59","73","45"
"USW00024233","SEATTLE TACOMA AIRPORT, WA US","47.44467","-122.31442","112.5","2000-09-25","0.00",,,"59","73","45"
"USW00024233","SEATTLE TACOMA AIRPORT, WA US","47.44467","-122.31442","112.5","2000-09-26","0.00",,,"61","75","46"
"USW00024233","SEATTLE TACOMA AIRPORT, WA US","47.44467","-122.31442","112.5","2000-09-27","0.00",,,"61","73","48"
"USW00024233","SEATTLE TACOMA AIRPORT, WA US","47.44467","-122.31442","112.5","2000-09-28","0.00",,,"58","64","52"
"USW00024233","SEATTLE TACOMA AIRPORT, WA US","47.44467","-122.31442","112.5","2000-09-29","0.08",,,"61","65","56"
"USW00024233","SEATTLE TACOMA AIRPORT, WA US","47.44467","-122.31442","112.5","2000-09-30","0.26",,,"58","61","54"
"USW00024233","SEATTLE TACOMA AIRPORT, WA US","47.44467","-122.31442","112.5","2000-10-01","0.02",,,"54","57","51"
"USW00024233","SEATTLE TACOMA AIRPORT, WA US","47.44467","-122.31442","112.5","2000-10-02","0.00",,,"55","62","48"
"USW00024233","SEATTLE TACOMA AIRPORT, WA US","47.44467","-122.31442","112.5","2000-10-03","0.00",,,"54","61","46"
"USW00024233","SEATTLE TACOMA AIRPORT, WA US","47.44467","-122.31442","112.5","2000-10-04","0.00",,,"51","61","41"
"USW00024233","SEATTLE TACOMA AIRPORT, WA US","47.44467","-122.31442","112.5","2000-10-05","0.00",,,"56","66","46"
"USW00024233","SEATTLE TACOMA AIRPORT, WA US","47.44467","-122.31442","112.5","2000-10-06","0.00",,,"63","77","49"
"USW00024233","SEATTLE TACOMA AIRPORT, WA US","47.44467","-122.31442","112.5","2000-10-07","0.00",,,"61","75","47"
"USW00024233","SEATTLE TACOMA AIRPORT, WA US","47.44467","-122.31442","112.5","2000-10-08","0.00",,,"57","65","49"
"USW00024233","SEATTLE TACOMA AIRPORT, WA US","47.44467","-122.31442","112.5","2000-10-09","0.45",,,"54","56","52"
"USW00024233","SEATTLE TACOMA AIRPORT, WA US","47.44467","-122.31442","112.5","2000-10-10","0.01",,,"53","56","50"
"USW00024233","SEATTLE TACOMA AIRPORT, WA US","47.44467","-122.31442","112.5","2000-10-11","0.00",,,"54","60","48"
"USW00024233","SEATTLE TACOMA AIRPORT, WA US","47.44467","-122.31442","112.5","2000-10-12","0.00",,,"53","60","46"
"USW00024233","SEATTLE TACOMA AIRPORT, WA US","47.44467","-122.31442","112.5","2000-10-13","0.06",,,"55","58","51"
"USW00024233","SEATTLE TACOMA AIRPORT, WA US","47.44467","-122.31442","112.5","2000-10-14","0.00",,,"51","57","44"
"USW00024233","SEATTLE TACOMA AIRPORT, WA US","47.44467","-122.31442","112.5","2000-10-15","0.00",,,"47","54","40"
"USW00024233","SEATTLE TACOMA AIRPORT, WA US","47.44467","-122.31442","112.5","2000-10-16","0.62",,,"53","57","48"
"USW00024233","SEATTLE TACOMA AIRPORT, WA US","47.44467","-122.31442","112.5","2000-10-17","0.32",,,"58","66","50"
"USW00024233","SEATTLE TACOMA AIRPORT, WA US","47.44467","-122.31442","112.5","2000-10-18","0.00",,,"53","58","47"
"USW00024233","SEATTLE TACOMA AIRPORT, WA US","47.44467","-122.31442","112.5","2000-10-19","0.49",,,"50","55","44"
"USW00024233","SEATTLE TACOMA AIRPORT, WA US","47.44467","-122.31442","112.5","2000-10-20","0.79",,,"52","58","46"
"USW00024233","SEATTLE TACOMA AIRPORT, WA US","47.44467","-122.31442","112.5","2000-10-21","0.00",,,"50","58","42"
"USW00024233","SEATTLE TACOMA AIRPORT, WA US","47.44467","-122.31442","112.5","2000-10-22","0.00",,,"50","59","40"
"USW00024233","SEATTLE TACOMA AIRPORT, WA US","47.44467","-122.31442","112.5","2000-10-23","0.00",,,"57","72","41"
"USW00024233","SEATTLE TACOMA AIRPORT, WA US","47.44467","-122.31442","112.5","2000-10-24","0.00",,,"53","64","42"
"USW00024233","SEATTLE TACOMA AIRPORT, WA US","47.44467","-122.31442","112.5","2000-10-25","0.00",,,"52","56","47"
"USW00024233","SEATTLE TACOMA AIRPORT, WA US","47.44467","-122.31442","112.5","2000-10-26","0.00",,,"50","53","47"
"USW00024233","SEATTLE TACOMA AIRPORT, WA US","47.44467","-122.31442","112.5","2000-10-27","0.15",,,"51","54","48"
"USW00024233","SEATTLE TACOMA AIRPORT, WA US","47.44467","-122.31442","112.5","2000-10-28","0.07",,,"51","56","45"
"USW00024233","SEATTLE TACOMA AIRPORT, WA US","47.44467","-122.31442","112.5","2000-10-29","0.01",,,"51","56","46"
"USW00024233","SEATTLE TACOMA AIRPORT, WA US","47.44467","-122.31442","112.5","2000-10-30","0.00",,,"45","49","41"
"USW00024233","SEATTLE TACOMA AIRPORT, WA US","47.44467","-122.31442","112.5","2000-10-31","0.01",,,"48","51","44"
"USW00024233","SEATTLE TACOMA AIRPORT, WA US","47.44467","-122.31442","112.5","2000-11-01","0.00",,,"46","52","39"
"USW00024233","SEATTLE TACOMA AIRPORT, WA US","47.44467","-122.31442","112.5","2000-11-02","0.00",,,"50","54","45"
"USW00024233","SEATTLE TACOMA AIRPORT, WA US","47.44467","-122.31442","112.5","2000-11-03","0.00",,,"50","57","42"
"USW00024233","SEATTLE TACOMA AIRPORT, WA US","47.44467","-122.31442","112.5","2000-11-04","0.15",,,"50","55","44"
"USW00024233","SEATTLE TACOMA AIRPORT, WA US","47.44467","-122.31442","112.5","2000-11-05","0.04",,,"47","49","44"
"USW00024233","SEATTLE TACOMA AIRPORT, WA US","47.44467","-122.31442","112.5","2000-11-06","0.14",,,"47","51","42"
"USW00024233","SEATTLE TACOMA AIRPORT, WA US","47.44467","-122.31442","112.5","2000-11-07","0.00",,,"44","49","39"
"USW00024233","SEATTLE TACOMA AIRPORT, WA US","47.44467","-122.31442","112.5","2000-11-08","0.85",,,"43","46","40"
"USW00024233","SEATTLE TACOMA AIRPORT, WA US","47.44467","-122.31442","112.5","2000-11-09","0.10",,,"42","46","38"
"USW00024233","SEATTLE TACOMA AIRPORT, WA US","47.44467","-122.31442","112.5","2000-11-10","0.00",,,"41","46","35"
"USW00024233","SEATTLE TACOMA AIRPORT, WA US","47.44467","-122.31442","112.5","2000-11-11","0.00",,,"37","43","30"
"USW00024233","SEATTLE TACOMA AIRPORT, WA US","47.44467","-122.31442","112.5","2000-11-12","0.00",,,"38","43","32"
"USW00024233","SEATTLE TACOMA AIRPORT, WA US","47.44467","-122.31442","112.5","2000-11-13","0.00",,,"42","46","37"
"USW00024233","SEATTLE TACOMA AIRPORT, WA US","47.44467","-122.31442","112.5","2000-11-14","0.00",,,"41","48","33"
"USW00024233","SEATTLE TACOMA AIRPORT, WA US","47.44467","-122.31442","112.5","2000-11-15","0.00",,,"38","46","30"
"USW00024233","SEATTLE TACOMA AIRPORT, WA US","47.44467","-122.31442","112.5","2000-11-16","0.00",,,"36","44","28"
"USW00024233","SEATTLE TACOMA AIRPORT, WA US","47.44467","-122.31442","112.5","2000-11-17","0.00",,,"37","46","27"
"USW00024233","SEATTLE TACOMA AIRPORT, WA US","47.44467","-122.31442","112.5","2000-11-18","0.00",,,"38","47","29"
"USW00024233","SEATTLE TACOMA AIRPORT, WA US","47.44467","-122.31442","112.5","2000-11-19","0.00",,,"37","46","28"
"USW00024233","SEATTLE TACOMA AIRPORT, WA US","47.44467","-122.31442","112.5","2000-11-20","0.00",,,"46","56","36"
"USW00024233","SEATTLE TACOMA AIRPORT, WA US","47.44467","-122.31442","112.5","2000-11-21","0.00",,,"42","51","33"
"USW00024233","SEATTLE TACOMA AIRPORT, WA US","47.44467","-122.31442","112.5","2000-11-22","0.00",,,"46","49","30"
"USW00024233","SEATTLE TACOMA AIRPORT, WA US","47.44467","-122.31442","112.5","2000-11-23","0.38",,,"41","47","35"
"USW00024233","SEATTLE TACOMA AIRPORT, WA US","47.44467","-122.31442","112.5","2000-11-24","0.01",,,"45","49","40"
"USW00024233","SEATTLE TACOMA AIRPORT, WA US","47.44467","-122.31442","112.5","2000-11-25","0.18",,,"43","45","40"
"USW00024233","SEATTLE TACOMA AIRPORT, WA US","47.44467","-122.31442","112.5","2000-11-26","1.12",,,"46","48","44"
"USW00024233","SEATTLE TACOMA AIRPORT, WA US","47.44467","-122.31442","112.5","2000-11-27","0.00",,,"42","47","37"
"USW00024233","SEATTLE TACOMA AIRPORT, WA US","47.44467","-122.31442","112.5","2000-11-28","0.00",,,"40","48","31"
"USW00024233","SEATTLE TACOMA AIRPORT, WA US","47.44467","-122.31442","112.5","2000-11-29","0.25",,,"45","48","41"
"USW00024233","SEATTLE TACOMA AIRPORT, WA US","47.44467","-122.31442","112.5","2000-11-30","0.05",,,"48","52","44"
"USW00024233","SEATTLE TACOMA AIRPORT, WA US","47.44467","-122.31442","112.5","2000-12-01","0.04",,,"47","55","39"
"USW00024233","SEATTLE TACOMA AIRPORT, WA US","47.44467","-122.31442","112.5","2000-12-02","0.18",,,"44","51","37"
"USW00024233","SEATTLE TACOMA AIRPORT, WA US","47.44467","-122.31442","112.5","2000-12-03","0.00",,,"39","44","34"
"USW00024233","SEATTLE TACOMA AIRPORT, WA US","47.44467","-122.31442","112.5","2000-12-04","0.00",,,"44","51","37"
"USW00024233","SEATTLE TACOMA AIRPORT, WA US","47.44467","-122.31442","112.5","2000-12-05","0.00",,,"43","50","36"
"USW00024233","SEATTLE TACOMA AIRPORT, WA US","47.44467","-122.31442","112.5","2000-12-06","0.00",,,"43","50","35"
"USW00024233","SEATTLE TACOMA AIRPORT, WA US","47.44467","-122.31442","112.5","2000-12-07","0.00",,,"37","40","34"
"USW00024233","SEATTLE TACOMA AIRPORT, WA US","47.44467","-122.31442","112.5","2000-12-08","0.02",,,"38","45","30"
"USW00024233","SEATTLE TACOMA AIRPORT, WA US","47.44467","-122.31442","112.5","2000-12-09","0.06",,,"40","43","36"
"USW00024233","SEATTLE TACOMA AIRPORT, WA US","47.44467","-122.31442","112.5","2000-12-10","0.00",,,"35","40","30"
"USW00024233","SEATTLE TACOMA AIRPORT, WA US","47.44467","-122.31442","112.5","2000-12-11","0.00",,,"33","37","28"
"USW00024233","SEATTLE TACOMA AIRPORT, WA US","47.44467","-122.31442","112.5","2000-12-12","0.00",,,"33","37","28"
"USW00024233","SEATTLE TACOMA AIRPORT, WA US","47.44467","-122.31442","112.5","2000-12-13","0.00",,,"34","37","30"
"USW00024233","SEATTLE TACOMA AIRPORT, WA US","47.44467","-122.31442","112.5","2000-12-14","0.26",,,"37","46","28"
"USW00024233","SEATTLE TACOMA AIRPORT, WA US","47.44467","-122.31442","112.5","2000-12-15","0.00",,,"39","42","35"
"USW00024233","SEATTLE TACOMA AIRPORT, WA US","47.44467","-122.31442","112.5","2000-12-16","0.75",,,"44","53","34"
"USW00024233","SEATTLE TACOMA AIRPORT, WA US","47.44467","-122.31442","112.5","2000-12-17","0.00",,,"41","48","34"
"USW00024233","SEATTLE TACOMA AIRPORT, WA US","47.44467","-122.31442","112.5","2000-12-18","0.00",,,"39","44","33"
"USW00024233","SEATTLE TACOMA AIRPORT, WA US","47.44467","-122.31442","112.5","2000-12-19","0.00",,,"37","41","32"
"USW00024233","SEATTLE TACOMA AIRPORT, WA US","47.44467","-122.31442","112.5","2000-12-20","0.06",,,"37","43","31"
"USW00024233","SEATTLE TACOMA AIRPORT, WA US","47.44467","-122.31442","112.5","2000-12-21","0.08",,,"44","47","41"
"USW00024233","SEATTLE TACOMA AIRPORT, WA US","47.44467","-122.31442","112.5","2000-12-22","0.27",,,"42","46","38"
"USW00024233","SEATTLE TACOMA AIRPORT, WA US","47.44467","-122.31442","112.5","2000-12-23","0.24",,,"44","46","41"
"USW00024233","SEATTLE TACOMA AIRPORT, WA US","47.44467","-122.31442","112.5","2000-12-24","0.00",,,"44","46","42"
"USW00024233","SEATTLE TACOMA AIRPORT, WA US","47.44467","-122.31442","112.5","2000-12-25","0.04",,,"46","50","41"
"USW00024233","SEATTLE TACOMA AIRPORT, WA US","47.44467","-122.31442","112.5","2000-12-26","0.06",,,"48","52","43"
"USW00024233","SEATTLE TACOMA AIRPORT, WA US","47.44467","-122.31442","112.5","2000-12-27","0.01",,,"45","49","40"
"USW00024233","SEATTLE TACOMA AIRPORT, WA US","47.44467","-122.31442","112.5","2000-12-28","0.00",,,"41","46","36"
"USW00024233","SEATTLE TACOMA AIRPORT, WA US","47.44467","-122.31442","112.5","2000-12-29","0.10",,,"41","46","35"
"USW00024233","SEATTLE TACOMA AIRPORT, WA US","47.44467","-122.31442","112.5","2000-12-30","0.06",,,"47","52","41"
"USW00024233","SEATTLE TACOMA AIRPORT, WA US","47.44467","-122.31442","112.5","2000-12-31","0.28",,,"44","48","40"
